create database bankingDB;
use bankingDB;

create table branch(
branch_name varchar(30),
branch_city varchar(30),
assets REAL,
primary key(branch_name));

create table BankAccount(
accno int,
branch_name varchar(30),
balance REAL,
primary key(accno),
foreign key(branch_name)references Branch(branch_name));

create table depositor(
cust_name varchar(30),
accno int,
primary key(cust_name,accno));
alter table Depositor add foreign key(accno) references BankAccount(accno);

create table BankCustomer(
cust_name varchar(30),
cust_street varchar(30),
city varchar(30),
primary key(cust_name));


create table loan(
loan_num int,
branch_name varchar(30),
amount real,
primary key(loan_num),
foreign key(branch_name)references Branch(branch_name));

create table borrower(
cust_name varchar(20),
loan_num int,
foreign key(cust_name) references BankCustomer(cust_name),
foreign key(loan_num) references loan(loan_num));


insert into branch values ('SBI_Chamrajpet','Bangalore',50000),('SBI_ResidencyRoad','Bangalore',10000),
('SBI_ShivajiRoad','Bombay',20000),('SBI_ParlimentRoad','Delhi',10000),('SBI_Jantarmantar','Delhi',20000);

insert into BankAccount values(1,'SBI_Chamrajpet',2000),(2,'SBI_ResidencyRoad',5000),(3,'SBI_ShivajiRoad',6000),
(4,'SBI_ParlimentRoad',9000),(5,'SBI_Jantarmantar',8000),(6,'SBI_ShivajiRoad',4000),(7,'SBI_ResidencyRoad',4000),
(8,'SBI_ResidencyRoad',4000),(9,'SBI_ResidencyRoad',3000),(10,'SBI_ResidencyRoad',5000),
(11,'SBI_Jantarmantar',2000);

insert into BankCustomer values('Avinash','Bull_temple_road','Bangalore'),('Dinesh','Bannergatta_road','Bangalore'),
('Mohan','NationalCollege_road','Bangalore'),('Nikil','Akbar_road','Delhi'),('Ravi','Prithviraj_road','Delhi');

insert into Depositor values('Avinash',1),('Dinesh',2),('Nikil',4),('Ravi',5),('Avinash',8),('Nikil',9),('Dinesh',10),
('Nikil',11);

insert into loan values(1,'SBI_Chamrajpet',1000),(2,'SBI_ResidencyRoad',2000),(3,'SBI_ShivajiRoad',3000),
(4,'SBI_ParlimentRoad',4000),(5,'SBI_Jantarmantar',5000);

insert into borrower values('Avinash',1), ('Dinesh',2), ('Nikil',3), ('Avinash', 4), ('Dinesh', 5);

select C.cust_name 
from BankCustomer C
where exists (
				select D.cust_name, count(D.cust_name)
                from depositor D,BankAccount BA
                where
                D.accno = BA.accno AND C.cust_name = D.cust_name AND BA.branch_name='SBI_ResidencyRoad' 
                group by D.cust_name
                having count(D.cust_name) >=2
                );
                
select BC.cust_name from BankCustomer BC
where not exists(
					select branch_name from branch where branch_city = 'Delhi' and branch_name
                    not in
                    (select BA.branch_name from depositor D , BankAccount BA
                    where D.accno = BA.accno AND BC.cust_name = D.cust_name)
                    );
                    /*OR*/
                    select cust_name, accno from depositor where accno in(
    select accno from BankAccount where branch_name in(
    select branch_name from branch where branch_city='Delhi'));

                  
SET SQL_SAFE_UPDATES = 0;

delete from BankAccount 
where branch_name in (select branch_name 
					  from branch
                      where branch_city='Bombay');

SELECT * FROM LOAN ORDER BY AMOUNT DESC;

CREATE VIEW BRANCH_TOTAL_LOAN (BRANCH_NAME, TOTAL_LOAN) AS SELECT BRANCH_NAME, SUM(AMOUNT) FROM LOAN GROUP BY BRANCH_NAME;

UPDATE BankAccount SET BALANCE=BALANCE *1.05; 
